question,answer,cot_reasoning,difficulty,main_topic,sub_topic,main_format,sub_format,question_number,chunk_index,batch_number,book_name,page_number_range
Which step of the insertion sort algorithm involves comparing the current card with those already in the sorted hand?,"Line 5 of the pseudocode: `while i > 0 and A[i] > key`, where `i` starts from `j - 1` and `key` is the current element being considered for insertion.","In the pseudocode, the comparison happens on line 5 of the for loop, where the variable `key` is compared with the elements in the subarray `A[1:j-1]`. The loop invariants ensure that this part of the code correctly places the element in its proper sorted position.",Easy,DSA,"Loop Invariants, Asymptotic Analysis, Insertion Sort",Objective,MCQ,1,1,1,Introduction to Algorithms - CLRS 3rd Edition,37 - 46
What does the pseudocode for insertion sort accomplish during its execution?,"During its execution, the pseudocode for insertion sort reorders the elements of the array in place, ensuring that after processing all elements, the array is sorted.","The pseudocode for insertion sort initializes a loop that iterates over each element in the array starting from the second element. For each element, it is compared with the elements in the already sorted portion of the array (from index 1 to j-1), moving elements greater than the current element to the right until the correct position is found. This process repeats until all elements are in their sorted positions.",Easy,DSA,"Insertion Sort, Sorting Algorithms",Objective,Fill_blank,2,1,1,Introduction to Algorithms - CLRS 3rd Edition,37 - 46
How does insertion sort work when sorting a sequence of cards?,"Insertion sort works by treating each element as a new card to be placed into a sorted subsequence. It compares the new card with each of the elements in the sorted subsequence from right to left, placing it in the correct position to maintain the sorted order.","Insertion sort works by considering each element as a new card to be placed into a sorted subsequence. It compares this new card with each of the elements in the sorted subsequence from right to left, placing it in the correct position to maintain the sorted order. This process is visually represented in Figure 2.1, where the cards are moved around to find their correct spots.",Easy,DSA,"Insertion Sort, Algorithm Visualization",Objective,Conceptual,3,1,1,Introduction to Algorithms - CLRS 3rd Edition,37 - 46
What does the loop invariant state about the subarray `A[1:j-1]` at the start of each iteration of the for loop?,"The loop invariant states that at the start of each iteration of the for loop, the subarray `A[1:j-1]` consists of the elements originally in positions 1 through j-1, but in sorted order.","The loop invariant states that at the start of each iteration of the for loop, the subarray `A[1:j-1]` consists of the elements originally in positions 1 through j-1, but in sorted order. This means that after each iteration, the first j-1 elements of the array are sorted.",Easy,DSA,"Loop Invariants, Insertion Sort",Objective,MCQ,4,1,1,Introduction to Algorithms - CLRS 3rd Edition,37 - 46
What is the purpose of the `key` variable in the pseudocode for insertion sort?,The purpose of the `key` variable in the pseudocode for insertion sort is to represent the current element being inserted into the sorted subarray.,"The `key` variable in the pseudocode represents the current element that is being inserted into the sorted subarray. During each iteration of the for loop, the value of `key` is extracted from the array using `A[j]`, and the algorithm ensures that `key` is placed in its correct position relative to the already sorted subarray `A[1:j-1]`.",Easy,DSA,"Insertion Sort, Algorithm Variables",Objective,Fill_blank,5,1,1,Introduction to Algorithms - CLRS 3rd Edition,37 - 46
What does the `i` variable represent in the pseudocode for insertion sort?,The `i` variable in the pseudocode for insertion sort represents the position in the subarray `A[1:j-1]` that needs to be filled with the `key`.,"The `i` variable is used to keep track of the position in the subarray `A[1:j-1]`. Initially, it is set to `j-1` and decreases as the algorithm moves elements to make room for `key`. During each iteration of the while loop, `i` decreases until it finds the correct position for `key` to maintain the sorted order.",Easy,DSA,"Insertion Sort, Algorithm Variables",Objective,Fill_blank,6,1,1,Introduction to Algorithms - CLRS 3rd Edition,37 - 46
Why does the while loop in the pseudocode for insertion sort continue until `i` becomes zero?,"The while loop in the pseudocode for insertion sort continues until `i` becomes zero because it ensures that all elements in the subarray `A[1:j-1]` have been checked and moved appropriately to accommodate the new `key`. Once `i` reaches zero, the entire subarray is sorted, and the `key` is placed at the correct position.","The while loop in the pseudocode for insertion sort continues until `i` becomes zero because it ensures that all elements in the subarray `A[1:j-1]` have been checked and moved appropriately to accommodate the new `key`. Once `i` reaches zero, the entire subarray is sorted, and the `key` is placed at the correct position.",Easy,DSA,"Loop Invariants, Insertion Sort",Objective,Conceptual,7,1,1,Introduction to Algorithms - CLRS 3rd Edition,37 - 46
What does the pseudocode for insertion sort guarantee at the end of its execution?,"At the end of its execution, the pseudocode for insertion sort guarantees that the array `A` is sorted in non-decreasing order.","At the end of the pseudocode for insertion sort, the array `A` is guaranteed to be sorted in non-decreasing order. This is because each iteration of the for loop places the current element `key` in its correct position within the already sorted subarray `A[1:j-1]`, ensuring that all elements are eventually in their correct sorted positions.",Easy,DSA,"Insertion Sort, Algorithm Guarantee",Objective,MCQ,8,1,1,Introduction to Algorithms - CLRS 3rd Edition,37 - 46
In what scenario would insertion sort perform particularly well?,Insertion sort performs particularly well on nearly sorted arrays where only a few elements need to be sorted.,"Insertion sort performs particularly well on nearly sorted arrays where only a few elements need to be sorted. Since it only makes necessary comparisons and swaps, its performance is optimal when the initial ordering of the elements is almost sorted. This makes it very efficient for small datasets or partially ordered lists.",Medium,DSA,"Insertion Sort, Performance Characteristics",Objective,MCQ,9,1,1,Introduction to Algorithms - CLRS 3rd Edition,37 - 46
How does the pseudocode for insertion sort handle the sorting of a single-element array?,"For a single-element array, the pseudocode for insertion sort handles the sorting by simply returning the array as there is no need for any operations.","For a single-element array, there is no need to iterate through the array or swap elements since the array is already sorted by default. Thus, the pseudocode simply returns the array without making any changes.",Easy,DSA,"Edge Cases, Insertion Sort",Objective,MCQ,10,1,1,Introduction to Algorithms - CLRS 3rd Edition,37 - 46
What does the `A[length]` in the pseudocode refer to in the context of insertion sort?,"In the pseudocode for insertion sort, `A[length]` refers to the last element of the array `A`.","In the pseudocode for insertion sort, `A[length]` refers to the last element of the array `A`. Since the array length is denoted by `A:length`, this is the element that the algorithm will consider for insertion in the next iteration of the for loop.",Easy,DSA,"Array Indexing, Insertion Sort",Objective,Fill_blank,11,1,1,Introduction to Algorithms - CLRS 3rd Edition,37 - 46
What is the primary reason insertion sort is considered a stable sorting algorithm?,The primary reason insertion sort is considered a stable sorting algorithm is that it maintains the relative order of equal elements.,"Insertion sort is considered a stable sorting algorithm because it maintains the relative order of equal elements. In each iteration, when an element is moved, it does not change the order of other elements that are equal to it. This stability property is ensured by the while loop condition `i > 0 and A[i] > key` and the subsequent movement of elements only when they are greater than `key`.",Easy,DSA,"Stability, Insertion Sort",Objective,Conceptual,12,1,1,Introduction to Algorithms - CLRS 3rd Edition,37 - 46
What is the average time complexity of the `key` assignment operation in the pseudocode for insertion sort?,The average time complexity of the `key` assignment operation in the pseudocode for insertion sort is O(1).,"The `key` assignment operation in the pseudocode for insertion sort, `key = A[j]`, has a time complexity of O(1) because it involves simply retrieving a single element from the array.",Easy,DSA,"Asymptotic Analysis, Insertion Sort",Objective,MCQ,13,1,1,Introduction to Algorithms - CLRS 3rd Edition,37 - 46
What is the time complexity of the insertion sort algorithm in the worst-case scenario?,The worst-case time complexity of insertion sort is O(n^2).,"The worst-case time complexity of insertion sort occurs when the input array is reverse-sorted. In this case, each element needs to be shifted to the front of the array, resulting in a time complexity of O(n^2), where n is the number of elements in the array.",Medium,DSA,"Asymptotic Analysis, Insertion Sort",Objective,MCQ,14,1,1,Introduction to Algorithms - CLRS 3rd Edition,37 - 46
How does insertion sort handle duplicate elements in the array?,Insertion sort handles duplicate elements by maintaining their relative order due to its stability. It ensures that the order of equal elements is preserved during the sorting process.,"Insertion sort handles duplicate elements by maintaining their relative order due to its stability. Each time an element is placed in its correct position, it does not affect the relative order of other equal elements. This means that duplicate elements remain in their original order after the sort.",Easy,DSA,"Stability, Insertion Sort",Objective,Conceptual,15,1,1,Introduction to Algorithms - CLRS 3rd Edition,37 - 46
What does the pseudocode for insertion sort do with the `key` value once it has been placed in its correct position?,"Once the `key` value has been placed in its correct position within the subarray `A[1:j-1]`, the pseudocode for insertion sort assigns the `key` value to `A[i+1]`, effectively shifting the element to the right to make space for the `key` and then placing the `key` at the correct position.","Once the `key` value has been placed in its correct position within the subarray `A[1:j-1]`, the pseudocode for insertion sort simply assigns the `key` value to `A[i+1]`, effectively shifting the element to the right to make space for the `key` and then placing the `key` at the correct position.",Easy,DSA,"Insertion Sort, Algorithm Steps",Objective,Conceptual,16,1,1,Introduction to Algorithms - CLRS 3rd Edition,37 - 46
Why does the pseudocode for insertion sort not require additional storage for the sorted subarray?,"The pseudocode for insertion sort does not require additional storage for the sorted subarray because it sorts the elements in place, using the same array `A` for both the unsorted and sorted portions.","The pseudocode for insertion sort does not require additional storage for the sorted subarray because it sorts the elements in place. The sorted subarray is maintained within the array `A`, and no extra memory is allocated for another array to store the sorted elements.",Easy,DSA,"In-place Sorting, Insertion Sort",Objective,Conceptual,17,1,1,Introduction to Algorithms - CLRS 3rd Edition,37 - 46
What is the role of the `i` decrement operation in the while loop of the pseudocode for insertion sort?,The role of the `i` decrement operation in the while loop of the pseudocode for insertion sort is to help find the correct position for the `key` value by moving the larger elements in the sorted subarray (`A[1:j-1]`) one position to the right.,"The `i` decrement operation in the while loop of the pseudocode for insertion sort helps to find the correct position for the `key` value. As `i` decreases, the algorithm moves the larger elements in the sorted subarray (`A[1:j-1]`) one position to the right to make space for the `key` value, thereby finding the correct position to place the `key`.",Easy,DSA,"Loop Invariants, Insertion Sort",Objective,Conceptual,18,1,1,Introduction to Algorithms - CLRS 3rd Edition,37 - 46
What does the pseudocode for insertion sort do when the subarray `A[1:j-1]` is already sorted?,"When the subarray `A[1:j-1]` is already sorted, the pseudocode for insertion sort skips the inner while loop and directly places the `key` at the correct position (`i+1`), terminating the loop.","When the subarray `A[1:j-1]` is already sorted, the pseudocode for insertion sort simply skips the inner while loop. This happens because the condition `i > 0 and A[i] > key` will never be true, as there are no elements in `A[1:j-1]` that are greater than `key`. Hence, the `key` is immediately placed at the correct position (`i+1`), and the loop terminates.",Easy,DSA,"Loop Invariants, Insertion Sort",Objective,Conceptual,19,1,1,Introduction to Algorithms - CLRS 3rd Edition,37 - 46
What happens to the running time of INSERTION-SORT when the input array is already sorted?,"In the best case, the running time of INSERTION-SORT is T(n) = (c1 + c2 + c4 + c5 + c8)n - (c2 + c4 + c5 + c8).","In the best case, the input array is already sorted. According to the text, in the best case, tj = 1 for j = 2, 3, ..., n. This means that in lines 5-8 of the pseudocode, the comparison A[i] <= key always holds true until the end of the loop, leading to tj = 1 for all j. This results in the running time being T(n) = c1n + c2(n-1) + c4(n-1) + c5(n-1) + c8(n-1) = (c1 + c2 + c4 + c5 + c8)n - (c2 + c4 + c5 + c8).",Medium,DSA,Insertion Sort,Objective,MCQ,1,2,1,Introduction to Algorithms - CLRS 3rd Edition,47 - 56
What happens to the running time of INSERTION-SORT when the input array is in reverse sorted order?,"In the worst case, the running time of INSERTION-SORT is T(n) = n^2 * (c5/2 + c6/2 + c7/2) + n * (c1 + c2 + c4 + c5 - c6 - c7 - c8) - (c2 + c4 + c5 + c8).","For the worst case, the input array is in reverse sorted order. According to the text, tj = j for j = 2, 3, ..., n. This means that in lines 5-8 of the pseudocode, tj = j for all j, leading to a different running time. The worst-case running time is calculated as T(n) = c1n + c2(n-1) + c4(n-1) + c5(n-1) + c6(n-1) + c7(n-1) + c8(n-1). By substituting the summation formulas provided, we find that this simplifies to T(n) = n^2 * (c5/2 + c6/2 + c7/2) + n * (c1 + c2 + c4 + c5 - c6 - c7 - c8) - (c2 + c4 + c5 + c8).",Medium,DSA,Insertion Sort,Objective,MCQ,2,2,1,Introduction to Algorithms - CLRS 3rd Edition,47 - 56
What simplifying abstraction is used to analyze the worst-case running time of INSERTION-SORT?,"The simplifying abstraction used to analyze the worst-case running time of INSERTION-SORT is expressing the worst-case running time as an2 + bn + c, focusing on the leading term.","To simplify the analysis, the text ignores the actual statement costs and the constants ci representing them. It expresses the worst-case running time as an2 + bn + c, focusing on the leading term. This abstraction helps in understanding the order of growth of the running time without the intricacies of individual statements and their costs.",Easy,DSA,Analysis of Algorithms,Objective,Fill_blank,3,2,1,Introduction to Algorithms - CLRS 3rd Edition,47 - 56
Why do we ignore the constants ci and the actual statement costs while analyzing the worst-case running time of INSERTION-SORT?,"We ignore the constants ci and the actual statement costs while analyzing the worst-case running time of INSERTION-SORT to focus on the order of growth, which is better captured by a simplified expression like an2 + bn + c.","When analyzing the worst-case running time of INSERTION-SORT, the focus is on the order of growth, or the rate at which the running time increases as the input size n grows. The constants ci and the specific statement costs are considered too detailed for this high-level analysis. By ignoring them, we can express the worst-case running time simply as an2 + bn + c, where a, b, and c are constants dependent on ci. This abstraction helps in understanding the fundamental relationship between input size and running time.",Medium,DSA,Analysis of Algorithms,Subjective,Conceptual,4,2,1,Introduction to Algorithms - CLRS 3rd Edition,47 - 56
How does the average-case running time of INSERTION-SORT compare to the worst-case running time?,"The average-case running time of INSERTION-SORT is roughly as bad as the worst-case running time, both being quadratic functions of the input size.","According to the text, the average-case running time of INSERTION-SORT is roughly as bad as the worst-case running time. When randomly choosing n numbers and applying insertion sort, on average, tj is about j/2. This leads to the average-case running time being a quadratic function of the input size, just like the worst-case running time. Hence, the average-case and worst-case running times are similar.",Easy,DSA,Insertion Sort,Objective,MCQ,5,2,1,Introduction to Algorithms - CLRS 3rd Edition,47 - 56
What is the significance of considering the average-case running time of an algorithm?,"The significance of considering the average-case running time of an algorithm is that it provides a more realistic estimate of the algorithm's performance on typical or average inputs, giving a sense of the expected run-time for practical applications.","Considering the average-case running time of an algorithm is significant because it provides a more realistic estimate of the algorithm's performance. It tells us how the algorithm behaves on a typical or average input, rather than just the best or worst-case scenarios. This analysis is important because it gives a sense of the expected run-time for practical applications, which can help in making informed decisions about algorithm choice and implementation.",Medium,DSA,Algorithm Performance Analysis,Subjective,Conceptual,6,2,1,Introduction to Algorithms - CLRS 3rd Edition,47 - 56
Why might an algorithm's worst-case running time be misleading for real-world usage?,"An algorithm's worst-case running time might be misleading for real-world usage because it represents the maximum possible time the algorithm could take for any input, which may not reflect the typical or common scenarios. Most real-world inputs are likely to fall between the best and worst cases, making the worst-case running time less relevant for practical considerations.","An algorithm's worst-case running time might be misleading for real-world usage because it represents the maximum possible time the algorithm could take for any input, which may not reflect the typical or common scenarios. For many algorithms, especially sorting algorithms, the worst-case scenario (e.g., already sorted or reverse sorted) is relatively rare. Most real-world inputs are likely to fall somewhere between the best and worst cases, making the worst-case running time less relevant for practical considerations.",Medium,DSA,Algorithm Performance Analysis,Subjective,Conceptual,7,2,1,Introduction to Algorithms - CLRS 3rd Edition,47 - 56
What is the difference between worst-case and average-case analysis of an algorithm?,"The difference between worst-case and average-case analysis of an algorithm lies in their objectives. Worst-case analysis examines the longest possible running time that an algorithm can take on any input, providing an upper bound on the running time. Average-case analysis, however, considers the expected running time over all possible inputs, assuming they are equally likely, giving a more realistic expectation of the algorithm's performance on practical inputs.","The worst-case analysis focuses on the longest possible running time that an algorithm can take on any input of a given size, providing an upper bound on the running time. Average-case analysis, on the other hand, looks at the expected running time over all possible inputs, assuming they are equally likely. While worst-case analysis guarantees the algorithm will never take longer than this bound, average-case analysis gives a more realistic expectation of the algorithm's performance on practical inputs.",Medium,DSA,Algorithm Performance Analysis,Subjective,Conceptual,8,2,1,Introduction to Algorithms - CLRS 3rd Edition,47 - 56
Why do we consider the average-case running time instead of the worst-case when performing probabilistic analysis?,"When performing probabilistic analysis, we consider the average-case running time instead of the worst-case because real-world inputs are typically distributed according to a probability distribution. The worst-case analysis does not account for this variability and can lead to overly pessimistic estimates. By focusing on the average-case, we get a better estimate of the algorithm's expected performance on typical inputs, which is often more useful for practical purposes.","When performing probabilistic analysis, we consider the average-case running time instead of the worst-case because real-world inputs are typically distributed according to a probability distribution. The worst-case analysis does not account for this variability and can lead to overly pessimistic estimates. By focusing on the average-case, we get a better estimate of the algorithm's expected performance on typical inputs, which is often more useful for practical purposes.",Medium,DSA,Probabilistic Analysis,Subjective,Conceptual,9,2,1,Introduction to Algorithms - CLRS 3rd Edition,47 - 56
How does the order of growth affect the computational efficiency of an algorithm?,"The order of growth affects the computational efficiency of an algorithm by determining how the running time increases with the input size. Algorithms with higher orders of growth (like quadratic or cubic) are less efficient for large input sizes compared to those with lower orders (like linear or logarithmic). Understanding the order of growth helps in identifying and prioritizing algorithms that perform better for larger inputs, aiding in making informed choices.","The order of growth, or the rate at which the running time increases as the input size n grows, significantly affects the computational efficiency of an algorithm. Algorithms with higher orders of growth (such as quadratic or cubic) are generally less efficient for large input sizes compared to those with lower orders (like linear or logarithmic). Understanding the order of growth allows us to identify and prioritize algorithms that perform better for larger inputs, helping in choosing the most appropriate algorithm for practical situations.",Medium,DSA,Analysis of Algorithms,Subjective,Conceptual,10,2,1,Introduction to Algorithms - CLRS 3rd Edition,47 - 56
What does it mean when we say that an algorithm’s running time is fixed for a given input?,"When we say that an algorithm’s running time is fixed for a given input, it means that once the input size is known, the running time of the algorithm can be precisely determined without further computation. This implies that the algorithm consistently performs the same number of operations for a given input size, regardless of how the data is initially organized or the sequence of operations.","When we say that an algorithm’s running time is fixed for a given input, it means that once the input size is known, the running time of the algorithm can be precisely determined without further computation. This implies that the algorithm consistently performs the same number of operations for a given input size, regardless of how the data is initially organized or the sequence of operations.",Easy,DSA,Algorithm Efficiency,Objective,Fill_blank,11,2,1,Introduction to Algorithms - CLRS 3rd Edition,47 - 56
"In the context of INSERTION-SORT, why do we focus on the worst-case running time in the analysis?","In the context of INSERTION-SORT, we focus on the worst-case running time in the analysis because it provides an upper bound on the running time for any input. Knowing the worst-case running time gives us a guarantee that the algorithm will never take more time than this bound, ensuring a safety margin that is crucial for practical applications.","In the context of INSERTION-SORT, we focus on the worst-case running time in the analysis because it provides an upper bound on the running time for any input. Knowing the worst-case running time gives us a guarantee that the algorithm will never take more time than this bound, regardless of the input. While the best-case and average-case running times can offer insights into optimal and expected performance, the worst-case ensures a safety margin that is crucial for practical applications.",Medium,DSA,Insertion Sort,Objective,MCQ,12,2,1,Introduction to Algorithms - CLRS 3rd Edition,47 - 56
What simplifying abstraction is made when expressing the worst-case running time of INSERTION-SORT as an2 + bn + c?,"When expressing the worst-case running time of INSERTION-SORT as an2 + bn + c, the simplifying abstraction is made by focusing on the leading term and ignoring lower-order terms and constant coefficients. This abstraction highlights the primary rate of growth, which is quadratic, and emphasizes that the running time is dominated by the n2 term for large values of n.","When expressing the worst-case running time of INSERTION-SORT as an2 + bn + c, we make the simplifying abstraction of focusing on the leading term and ignoring lower-order terms and constant coefficients. This abstraction allows us to highlight the primary rate of growth, which is quadratic, and emphasizes that the running time is dominated by the n2 term for large values of n. By doing so, we reduce the complexity to a simpler form that captures the essential characteristics of the algorithm's performance.",Medium,DSA,Analysis of Algorithms,Objective,Fill_blank,13,2,1,Introduction to Algorithms - CLRS 3rd Edition,47 - 56
What is the significance of ignoring the actual statement costs and constants ci when analyzing the worst-case running time of INSERTION-SORT?,"Ignoring the actual statement costs and constants ci when analyzing the worst-case running time of INSERTION-SORT simplifies the analysis by focusing on the dominant term (n2) and ignoring lower-order terms and constants. This abstraction helps in determining that the running time is primarily driven by the n2 term, which is the most significant factor for large input sizes. The constants and lower-order terms are considered less critical in determining the overall computational efficiency.","Ignoring the actual statement costs and constants ci when analyzing the worst-case running time of INSERTION-SORT simplifies the analysis. By focusing solely on the dominant term (n2) and ignoring lower-order terms and constants, we can understand the basic structure of the algorithm's performance. This abstraction helps in determining that the running time is primarily driven by the n2 term, which is the most significant factor for large input sizes. The constants and lower-order terms are considered less critical in determining the overall computational efficiency.",Medium,DSA,Analysis of Algorithms,Subjective,Conceptual,14,2,1,Introduction to Algorithms - CLRS 3rd Edition,47 - 56
Why might an algorithm's best-case running time be less informative than its worst-case running time?,"An algorithm's best-case running time might be less informative than its worst-case running time because the best-case scenario is relatively rare. Most real-world inputs are likely to fall between the best and worst cases, making the best-case running time less relevant for practical applications. The worst-case running time, on the other hand, gives a more robust guarantee about the algorithm's performance across a wide range of inputs, including the most challenging ones. Thus, the worst-case analysis is more useful for practical considerations.","An algorithm's best-case running time might be less informative than its worst-case running time because the best-case scenario is relatively rare. Most real-world inputs are likely to fall between the best and worst cases, making the best-case running time less relevant for practical applications. The worst-case running time, on the other hand, gives a more robust guarantee about the algorithm's performance across a wide range of inputs, including the most challenging ones. Thus, the worst-case analysis is more useful for practical considerations.",Medium,DSA,Algorithm Performance Analysis,Subjective,Conceptual,15,2,1,Introduction to Algorithms - CLRS 3rd Edition,47 - 56
What simplifying abstraction is made when expressing the average-case running time of INSERTION-SORT as an2 + bn + c?,"When expressing the average-case running time of INSERTION-SORT as an2 + bn + c, the simplifying abstraction is made by focusing on the leading term and ignoring lower-order terms and constant coefficients. This abstraction helps in understanding the primary rate of growth, which is quadratic, and emphasizes that the running time is dominated by the n2 term for large values of n.","When expressing the average-case running time of INSERTION-SORT as an2 + bn + c, we simplify the analysis by focusing on the leading term and ignoring lower-order terms and constant coefficients. This abstraction helps in understanding the primary rate of growth, which is quadratic, and emphasizes that the running time is dominated by the n2 term for large values of n. By reducing the complexity to a simpler form, we can better grasp the algorithm's performance characteristics.",Medium,DSA,Algorithm Performance Analysis,Objective,Fill_blank,16,2,1,Introduction to Algorithms - CLRS 3rd Edition,47 - 56
What is the significance of ignoring the constants ci and the actual statement costs when performing probabilistic analysis of an algorithm?,"When performing probabilistic analysis, we ignore the constants ci and the actual statement costs. This simplification is significant because it allows us to focus on the order of growth and the dominant term in the running time expression. By disregarding the lower-order terms and constants, we can derive a simplified formula that reflects the fundamental behavior of the algorithm. This abstraction helps in understanding the expected performance of the algorithm under varying conditions, providing a clearer picture of its average-case behavior.","When performing probabilistic analysis, we ignore the constants ci and the actual statement costs. This simplification is significant because it allows us to focus on the order of growth and the dominant term in the running time expression. By disregarding the lower-order terms and constants, we can derive a simplified formula that reflects the fundamental behavior of the algorithm. This abstraction helps in understanding the expected performance of the algorithm under varying conditions, providing a clearer picture of its average-case behavior.",Medium,DSA,Probabilistic Analysis,Subjective,Conceptual,17,2,1,Introduction to Algorithms - CLRS 3rd Edition,47 - 56
Why is the order of growth of an algorithm's running time important for determining its efficiency?,"The order of growth of an algorithm's running time is crucial for determining its efficiency because it indicates how the running time changes relative to the input size. Algorithms with higher orders of growth (like quadratic or cubic) are less efficient for large input sizes compared to those with lower orders (like linear or logarithmic). Understanding the order of growth helps in identifying the scalability of the algorithm, allowing us to predict how well it will perform as the input size increases. This information is vital for choosing the most appropriate algorithm for practical applications, especially in scenarios where large datasets are involved.","The order of growth of an algorithm's running time is crucial for determining its efficiency because it indicates how the running time changes relative to the input size. Algorithms with higher orders of growth (like quadratic or cubic) are less efficient for large input sizes compared to those with lower orders (like linear or logarithmic). Understanding the order of growth helps in identifying the scalability of the algorithm, allowing us to predict how well it will perform as the input size increases. This information is vital for choosing the most appropriate algorithm for practical applications, especially in scenarios where large datasets are involved.",Medium,DSA,Analysis of Algorithms,Subjective,Conceptual,18,2,1,Introduction to Algorithms - CLRS 3rd Edition,47 - 56
How does the average-case analysis of an algorithm benefit from the assumption that all inputs of a given size are equally likely?,"The assumption that all inputs of a given size are equally likely is beneficial for the average-case analysis because it allows us to calculate the expected running time without needing to know the specific distribution of inputs. By making this assumption, we can treat the running time as if it were uniformly distributed over all possible inputs of the given size. This simplification leads to a straightforward calculation of the average running time, which is often sufficient for practical purposes. The average-case analysis provides a good estimate of the algorithm's expected performance, which is useful for comparing different algorithms and making informed decisions based on expected outcomes.","The assumption that all inputs of a given size are equally likely is beneficial for the average-case analysis because it allows us to calculate the expected running time without needing to know the specific distribution of inputs. By making this assumption, we can treat the running time as if it were uniformly distributed over all possible inputs of the given size. This simplification leads to a straightforward calculation of the average running time, which is often sufficient for practical purposes. The average-case analysis provides a good estimate of the algorithm's expected performance, which is useful for comparing different algorithms and making informed decisions based on expected outcomes.",Medium,DSA,Algorithm Performance Analysis,Subjective,Conceptual,19,2,1,Introduction to Algorithms - CLRS 3rd Edition,47 - 56
What does it mean when an algorithm's worst-case running time is a linear function of n?,"When an algorithm's worst-case running time is a linear function of n, it means that the running time grows proportionally to the input size. Specifically, the worst-case running time can be expressed as T(n) = an + b, where 'a' is a constant and 'b' is another constant. This indicates that for very large input sizes, the algorithm's performance will be directly proportional to the size of the input, without any additional factors.","When an algorithm's worst-case running time is a linear function of n, it means that the running time grows proportionally to the input size. Specifically, the worst-case running time can be expressed as T(n) = an + b, where 'a' is a constant and 'b' is another constant. This indicates that for very large input sizes, the algorithm's performance will be directly proportional to the size of the input, without any additional factors.",Easy,DSA,Insertion Sort,Objective,MCQ,20,2,1,Introduction to Algorithms - CLRS 3rd Edition,47 - 56
Which of the following best describes why the assumption that the original problem size is a power of 2 does not affect the order of growth of the solution to the recurrence?,The assumption that the original problem size is a power of 2 does not affect the order of growth of the solution to the recurrence because the overall asymptotic behavior of the recurrence relation remains unchanged.,"The text states that although the original problem size being a power of 2 simplifies some calculations, it does not influence the overall order of growth of the solution. This is because the asymptotic behavior of the recurrence relation remains the same regardless of whether n is a power of 2 or not.",Easy,DSA,Recurrences and Master Theorem,Objective,MCQ,1,3,1,Introduction to Algorithms - CLRS 3rd Edition,57 - 66
"According to the provided information, what is the recurrence relation for T(n), the worst-case running time of merge sort on n numbers?","The recurrence relation for T(n), the worst-case running time of merge sort on n numbers, is given by:
\[ T(n) = \begin{cases} 
\text{‚(1)} & \text{if } n = 1 \\
2T(n/2) + \text{‚(n)} & \text{if } n > 1 \\
\end{cases} \]","The recurrence relation is given as T(n) = 
(
 ‚(1) if n = 1;
 2T(n/2) + ‚(n) if n > 1 :",Easy,DSA,Recurrences and Master Theorem,Objective,MCQ,2,3,1,Introduction to Algorithms - CLRS 3rd Edition,57 - 66
What is the significance of the constant c in the recurrence relation T(n) = 2T(n/2) + cn for merge sort?,The constant c in the recurrence relation \( T(n) = 2T(n/2) + cn \) represents the time required to solve problems of size 1 as well as the time per array element of the divide and combine steps. It is significant as it determines the overall running time complexity of merge sort.,"In the context of merge sort, c represents the time required to solve problems of size 1 as well as the time per array element of the divide and combine steps. This constant factor is crucial as it affects the overall running time complexity, which is analyzed in terms of big O notation.",Easy,DSA,Recurrences and Master Theorem,Objective,MCQ,3,3,1,Introduction to Algorithms - CLRS 3rd Edition,57 - 66
"For the recurrence relation T(n) = 2T(n/2) + cn, which of the following is true about the number of levels in the recursion tree?","For the recurrence relation \( T(n) = 2T(n/2) + cn \), the number of levels in the recursion tree is \( \log_2 n + 1 \).","The recurrence relation T(n) = 2T(n/2) + cn indicates that the recursion tree will have levels corresponding to the powers of 2 less than or equal to n. Given that n is assumed to be a power of 2, the tree will have exactly log base 2 of n + 1 levels.",Easy,DSA,Recurrences and Master Theorem,Objective,MCQ,4,3,1,Introduction to Algorithms - CLRS 3rd Edition,57 - 66
"When analyzing the recurrence relation T(n) = 2T(n/2) + cn using the recursion tree method, what is the total cost at each level of the tree?","When analyzing the recurrence relation \( T(n) = 2T(n/2) + cn \) using the recursion tree method, the total cost at each level is \( c \cdot n \). Therefore, the total cost across all levels is \( cn (\log_2 n + 1) \).","At each level, there are \( 2^i \) nodes, and each node contributes a cost of \( c \cdot n / 2^i \). Therefore, the total cost at level i is \( 2^i \cdot c \cdot n / 2^i = c \cdot n \). Summing these costs for all levels from 0 to \( \log_2 n \) gives a total cost of \( cn (\log_2 n + 1) \).",Medium,,Recurrences and Master Theorem,Objective,MCQ,5,3,1,Introduction to Algorithms - CLRS 3rd Edition,57 - 66
What does the figure in Figure 2.5 demonstrate about the merge sort algorithm?,"Figure 2.5 demonstrates how the merge sort algorithm constructs a recursion tree based on the recurrence relation \( T(n) = 2T(n/2) + cn \). It illustrates the division of the input array and the subsequent conquer phase, showing the logarithmic depth of the recursion tree.","Figure 2.5 shows how the merge sort algorithm constructs a recursion tree based on the recurrence relation \( T(n) = 2T(n/2) + cn \). It illustrates how the input array is divided and the subsequent conquer phase, emphasizing the logarithmic nature of the depth of the recursion tree.",Easy,DSA,Recurrences and Master Theorem,Objective,Fill_blank,6,3,1,Introduction to Algorithms - CLRS 3rd Edition,57 - 66
What is the time complexity of merge sort according to the provided information?,The time complexity of merge sort according to the provided information is \( \Theta(n \log n) \).,"The text mentions that using the master theorem, we can determine that the time complexity \( T(n) \) for merge sort is \( \Theta(n \log n) \). This comes directly from the analysis of the recurrence relation \( T(n) = 2T(n/2) + cn \).",Easy,DSA,Recurrences and Master Theorem,Objective,MCQ,7,3,1,Introduction to Algorithms - CLRS 3rd Edition,57 - 66
"In the context of merge sort, what role does the constant c play in the recurrence relation \( T(n) = 2T(n/2) + cn \)?","In the context of merge sort, the constant c in the recurrence relation \( T(n) = 2T(n/2) + cn \) represents the overhead costs associated with dividing the array and merging the sorted subarrays. These costs are independent of the size of the input but contribute to the overall running time.",The constant c in the recurrence relation \( T(n) = 2T(n/2) + cn \) represents the overhead costs associated with dividing the array and merging the sorted subarrays. These costs are independent of the size of the input but contribute to the overall running time.,Easy,DSA,Recurrences and Master Theorem,Objective,MCQ,8,3,1,Introduction to Algorithms - CLRS 3rd Edition,57 - 66
Why does the text suggest that the assumption that the original problem size is a power of 2 does not affect the order of growth of the solution to the recurrence?,The text suggests that the assumption that the original problem size is a power of 2 does not affect the order of growth of the solution to the recurrence because the overall asymptotic behavior of the recurrence relation remains unchanged regardless of whether n is a power of 2 or not.,"The text explains that while the assumption of a problem size being a power of 2 simplifies the calculations and allows for easier analysis, the overall order of growth of the solution remains the same. This is due to the fact that the asymptotic behavior of the recurrence relation is unaffected by this specific assumption.",Easy,DSA,Recurrences and Master Theorem,Objective,MCQ,9,3,1,Introduction to Algorithms - CLRS 3rd Edition,57 - 66
What is the primary purpose of rewriting the MERGE procedure in the text so that it does not use sentinels and stops once either array L or R has had all its elements copied back to A?,"The primary purpose of rewriting the MERGE procedure so that it does not use sentinels and stops once either array L or R has had all its elements copied back to A is to simplify the implementation and reduce unnecessary operations, making the merge operation more efficient.","The text aims to optimize the MERGE procedure by avoiding the use of sentinels, which simplifies the implementation and reduces unnecessary operations. By stopping once either array L or R has had all its elements copied back to A, the procedure becomes more efficient in handling the merge operation without the added complexity of sentinel values.",Easy,DSA,Recurrences and Master Theorem,Objective,Fill_blank,10,3,1,Introduction to Algorithms - CLRS 3rd Edition,57 - 66
"Given the recurrence T(n) = 2T(n/2) + cn, how many levels does the recursion tree have when n is a power of 2?","Given the recurrence \( T(n) = 2T(n/2) + cn \), the number of levels in the recursion tree when n is a power of 2 is \( \log_2 n + 1 \).",The number of levels in the recursion tree for the recurrence T(n) = 2T(n/2) + cn is given by the formula \( \log_2 n + 1 \). This is derived from the fact that each level corresponds to halving the size of the problem until reaching a base case of size 1.,Easy,DSA,Recurrences and Master Theorem,Objective,MCQ,11,3,1,Introduction to Algorithms - CLRS 3rd Edition,57 - 66
What is the significance of ignoring the low-order term and the constant c in the analysis of the recurrence \( T(n) = 2T(n/2) + cn \)?,"Ignoring the low-order term and the constant c in the analysis of the recurrence \( T(n) = 2T(n/2) + cn \) simplifies the focus to the dominant term \( cn \). The low-order term \( c \) is considered negligible for large values of n, allowing the derivation of the asymptotic behavior of the recurrence relation.","Ignoring the low-order term and the constant c simplifies the analysis by focusing on the dominant term \( cn \). The dominant term is \( cn \), and the low-order term \( c \) is considered negligible compared to \( cn \) for large values of n. This simplification helps in deriving the asymptotic behavior of the recurrence relation.",Easy,DSA,Recurrences and Master Theorem,Objective,MCQ,12,3,1,Introduction to Algorithms - CLRS 3rd Edition,57 - 66
"In the context of merge sort, what is the effect of the assumption that the original problem size is a power of 2 on the order of growth of the solution to the recurrence?",The assumption that the original problem size is a power of 2 does not affect the order of growth of the solution to the recurrence because the overall asymptotic behavior of the recurrence relation remains unchanged regardless of whether n is a power of 2 or not.,"The assumption that the original problem size is a power of 2 does not affect the order of growth of the solution to the recurrence because the overall asymptotic behavior of the recurrence relation remains unchanged regardless of whether n is a power of 2 or not. This is explained in the text, which states that this assumption simplifies calculations but does not change the fundamental growth rate of the solution.",Easy,DSA,Recurrences and Master Theorem,Objective,MCQ,13,3,1,Introduction to Algorithms - CLRS 3rd Edition,57 - 66
"When analyzing the recurrence \( T(n) = 2T(n/2) + cn \) using the recursion tree method, what is the total cost represented by the recurrence?","When analyzing the recurrence \( T(n) = 2T(n/2) + cn \) using the recursion tree method, the total cost represented by the recurrence is \( cn (\log_2 n + 1) \).","When analyzing the recurrence \( T(n) = 2T(n/2) + cn \) using the recursion tree method, the total cost represented by the recurrence is \( cn (\log_2 n + 1) \). This is derived from the fact that there are \( \log_2 n + 1 \) levels in the tree, and each level has a total cost of \( cn \).",Medium,DSA,Recurrences and Master Theorem,Objective,MCQ,14,3,1,Introduction to Algorithms - CLRS 3rd Edition,57 - 66
What does the figure in Figure 2.5 represent in the context of merge sort?,"The figure in Figure 2.5 represents the construction of a recursion tree for the recurrence relation \( T(n) = 2T(n/2) + cn \). It visually shows how the input array is divided into smaller subarrays and subsequently merged, providing insight into the depth and structure of the recursion.","The figure in Figure 2.5 represents the construction of a recursion tree for the recurrence relation \( T(n) = 2T(n/2) + cn \). It visually shows how the input array is divided into smaller subarrays and subsequently merged, providing insight into the depth and structure of the recursion.",Easy,DSA,Recurrences and Master Theorem,Objective,Fill_blank,15,3,1,Introduction to Algorithms - CLRS 3rd Edition,57 - 66
"What is the time complexity of merge sort, as given by the analysis in the text?","The time complexity of merge sort, as given by the analysis in the text, is \( \Theta(n \log n) \).","The text states that the time complexity of merge sort is \( \Theta(n \log n) \), as derived from the analysis of the recurrence relation \( T(n) = 2T(n/2) + cn \) and the application of the master theorem.",Easy,DSA,Recurrences and Master Theorem,Objective,MCQ,16,3,1,Introduction to Algorithms - CLRS 3rd Edition,57 - 66
What does the constant c represent in the recurrence relation \( T(n) = 2T(n/2) + cn \) for merge sort?,The constant c in the recurrence relation \( T(n) = 2T(n/2) + cn \) represents the overhead costs associated with dividing the array and merging the sorted subarrays. These costs are independent of the size of the input but contribute to the overall running time.,The constant c in the recurrence relation \( T(n) = 2T(n/2) + cn \) represents the overhead costs associated with dividing the array and merging the sorted subarrays. These costs are independent of the size of the input but contribute to the overall running time.,Easy,DSA,Recurrences and Master Theorem,Objective,MCQ,17,3,1,Introduction to Algorithms - CLRS 3rd Edition,57 - 66
Why does the text mention that the assumption that the original problem size is a power of 2 does not affect the order of growth of the solution to the recurrence?,The text mentions that the assumption that the original problem size is a power of 2 does not affect the order of growth of the solution to the recurrence because the overall asymptotic behavior of the recurrence relation remains unchanged regardless of whether n is a power of 2 or not.,"The text explains that while the assumption of a problem size being a power of 2 simplifies the calculations and allows for easier analysis, the overall order of growth of the solution remains the same. This is because the asymptotic behavior of the recurrence relation is unaffected by this specific assumption.",Easy,DSA,Recurrences and Master Theorem,Objective,MCQ,18,3,1,Introduction to Algorithms - CLRS 3rd Edition,57 - 66
What is the primary benefit of rewriting the MERGE procedure in the text so that it does not use sentinels and stops once either array L or R has had all its elements copied back to A?,"The primary benefit of rewriting the MERGE procedure in the text so that it does not use sentinels and stops once either array L or R has had all its elements copied back to A is to simplify the implementation and reduce unnecessary operations. This approach makes the merge operation more efficient by stopping once the relevant arrays have been processed, rather than continuing with empty elements.","Rewriting the MERGE procedure to avoid using sentinels simplifies the implementation and reduces unnecessary operations. This approach makes the merge operation more efficient by stopping once the relevant arrays have been processed, rather than continuing with empty elements.",Easy,DSA,Recurrences and Master Theorem,Objective,Fill_blank,19,3,1,Introduction to Algorithms - CLRS 3rd Edition,57 - 66
"In the context of the section discussing ‚-notation, what conditions must be met to prove that \( \frac{1}{2}n^2 - 3n \in \text{‚}.n^2\)?","\( c_1 = \frac{1}{4}, c_2 = \frac{1}{2}, \) and \( n_0 = 4 \).","To prove that \( \frac{1}{2}n^2 - 3n \in \text{‚}.n^2\), we need to find constants \( c_1, c_2, \) and \( n_0 \) such that \( c_1 n^2 \leq \frac{1}{2}n^2 - 3n \leq c_2 n^2 \) for all \( n \geq n_0 \). 

First, divide the inequality by \( n^2 \):
\[ c_1 \leq \frac{1}{2} - \frac{3}{n} \leq c_2. \]

For the left inequality:
- Choose \( c_1 = \frac{1}{4} \) (since \( \frac{1}{4} \leq \frac{1}{2} - \frac{3}{n} \) for \( n \geq 4 \)).
- For the right inequality:
- Choose \( c_2 = \frac{1}{2} \) (since \( \frac{1}{2} - \frac{3}{n} \leq \frac{1}{2} \) for \( n \geq 3 \)).

Therefore, we can choose \( n_0 = 4 \) since for \( n \geq 4 \), both conditions are satisfied.",Medium,DSA,"Loop Invariants, Asymptotic Analysis, Insertion Sort",Objective,MCQ,1,4,1,Introduction to Algorithms - CLRS 3rd Edition,67 - 76
Why is it incorrect to say that \( 6n^3 \in \text{‚}.n^2\)?,It is incorrect to say \( 6n^3 \in \text{‚}.n^2\) because there is no constant \( c \) that can satisfy the condition \( 6n^3 \leq cn^2 \) for all \( n \geq n_0 \).,"To determine if \( 6n^3 \in \text{‚}.n^2\), we need to find constants \( c \) and \( n_0 \) such that \( 6n^3 \leq cn^2 \) for all \( n \geq n_0 \). Simplifying, we get \( 6n \leq c \), which means \( c \) must be greater than or equal to \( 6n \) for all \( n \geq n_0 \). However, \( c \) must be a constant, and as \( n \) grows without bound, \( 6n \) will always exceed any fixed \( c \). Therefore, no such constant \( c \) can satisfy the condition for all \( n \geq n_0 \).

Thus, \( 6n^3 \not\in \text{‚}.n^2\).",Easy,DSA,"Loop Invariants, Asymptotic Analysis, Insertion Sort",Objective,MCQ,2,4,1,Introduction to Algorithms - CLRS 3rd Edition,67 - 76
How do you formally express any constant function as \(\text{‚}.1\)?,"Formally, any constant function \( f(n) = c \) is expressed as \( \text{‚}.1 \).","Any constant function \( f(n) = c \) can be expressed as \(\text{‚}.1\) by defining \( c \) as the coefficient of the highest order term. Here, the highest order term is \( n^0 \) (constant), so \( c \) is the constant itself. Hence, \( f(n) = c \in \text{‚}.1 \).

Formally, if \( f(n) = c \) where \( c \) is a constant, we can write \( f(n) = \text{‚}.1 \).",Easy,DSA,"Loop Invariants, Asymptotic Analysis, Insertion Sort",Objective,Fill_blank,3,4,1,Introduction to Algorithms - CLRS 3rd Edition,67 - 76
Which of the following is true about the relationship between \(\text{‚}\)-notation and \(O\)-notation?,The relationship between \(\text{‚}\)-notation and \(O\)-notation is that \( \text{‚}.g(n) \subseteq O(g(n)) \).,"By definition, \(\text{‚}\)-notation is a stronger notion than \(O\)-notation. This means that if \( f(n) \in \text{‚}.g(n) \), then \( f(n) \in O(g(n)) \), but the reverse is not necessarily true. The notation \( f(n) \in \text{‚}.g(n) \) requires the existence of constants \( c_1 \) and \( n_0 \) such that \( 0 \leq f(n) \leq c_1 g(n) \) for all \( n \geq n_0 \), while \( O(g(n)) \) only requires the existence of constants \( c \) and \( n_0 \) such that \( 0 \leq f(n) \leq c g(n) \) for all \( n \geq n_0 \). Hence, \( f(n) \in \text{‚}.g(n) \) implies \( f(n) \in O(g(n)) \).

Therefore, \( \text{‚}.g(n) \subseteq O(g(n)) \).",Medium,DSA,"Loop Invariants, Asymptotic Analysis, Insertion Sort",Objective,Fill_blank,4,4,1,Introduction to Algorithms - CLRS 3rd Edition,67 - 76
"Given the quadratic function \( f(n) = an^2 + bn + c \) with \( a > 0 \), what can we say about \( f(n) \in \text{‚}.n^2\)?","Given the quadratic function \( f(n) = an^2 + bn + c \) with \( a > 0 \), we can conclude \( f(n) \in \text{‚}.n^2 \) by choosing \( c_1 = \frac{a}{4} \), \( c_2 = \frac{7a}{4} \), and \( n_0 = 2 \max(|b|/a, |c|/a) \).","Given the quadratic function \( f(n) = an^2 + bn + c \) with \( a > 0 \), we can simplify the expression to show it belongs to \(\text{‚}.n^2\). 

We throw away the lower-order terms and ignore the constant term, yielding \( f(n) \approx an^2 \). Thus, for sufficiently large \( n \), \( an^2 \) dominates the lower-order terms. To prove \( f(n) \in \text{‚}.n^2 \), we need constants \( c_1 \) and \( c_2 \) such that \( c_1 n^2 \leq an^2 + bn + c \leq c_2 n^2 \) for all \( n \geq n_0 \).

Divide the inequality by \( n^2 \):
\[ c_1 \leq a + \frac{b}{n} + \frac{c}{n^2} \leq c_2. \]

For large \( n \), the terms \(\frac{b}{n}\) and \(\frac{c}{n^2}\) become negligible, and the inequality simplifies to \( c_1 \leq a \leq c_2 \).

Choosing \( c_1 = \frac{a}{4} \) and \( c_2 = \frac{7a}{4} \), and noting that \( n_0 = 2 \max(|b|/a, |c|/a) \) ensures the inequality holds, we conclude \( f(n) \in \text{‚}.n^2 \).

Formally, we can write:
\[ f(n) = an^2 + bn + c \in \text{‚}.n^2. \]",Medium,DSA,"Loop Invariants, Asymptotic Analysis, Insertion Sort",Objective,Fill_blank,5,4,1,Introduction to Algorithms - CLRS 3rd Edition,67 - 76
What is the significance of the expression \( n = O(n^2) \)?,"The expression \( n = O(n^2) \) is significant because it means that the constant function \( n \) is bounded by a constant multiple of \( n^2 \); specifically, \( n \leq cn^2 \) for some constant \( c \geq 1 \). Although this is true, \( n \) does not belong to \(\text{‚}.n^2\) because the lower-order term \( n \) is not negligible compared to \( n^2 \).","The expression \( n = O(n^2) \) indicates that the constant function \( n \) is bounded by a constant multiple of \( n^2 \). In other words, for all \( n \geq 1 \), there exists a constant \( c \geq 1 \) such that \( n \leq cn^2 \). 

This is true because for any \( n \geq 1 \), we can choose \( c = 1 \) and the inequality \( n \leq n^2 \) holds. Thus, \( n \) is indeed \( O(n^2) \).

However, it's worth noting that \( n \) does not belong to \(\text{‚}.n^2\) because \(\text{‚}\)-notation requires the lower-order terms to be negligible, which is not the case for \( n \) compared to \( n^2 \).

Formally, \( n = O(n^2) \) is true but \( n \not\in \text{‚}.n^2 \).",Medium,DSA,"Loop Invariants, Asymptotic Analysis, Insertion Sort",Objective,Fill_blank,6,4,1,Introduction to Algorithms - CLRS 3rd Edition,67 - 76
"In the context of proving \( f(n) \in \text{‚}.g(n) \), why is it sufficient to show \( c_1 n^2 \leq an^2 + bn + c \leq c_2 n^2 \) for \( n \geq n_0 \)?","To prove \( f(n) \in \text{‚}.g(n) \), it is sufficient to show \( c_1 n^2 \leq f(n) \leq c_2 n^2 \) for \( n \geq n_0 \). Specifically, for \( f(n) = an^2 + bn + c \), we can choose \( c_1 = \frac{a}{4} \) and \( c_2 = \frac{7a}{4} \), ensuring that \( c_1 n^2 \leq an^2 + bn + c \leq c_2 n^2 \) for \( n \geq n_0 \).","To prove \( f(n) \in \text{‚}.g(n) \), we need to show that there exist positive constants \( c_1 \), \( c_2 \), and \( n_0 \) such that \( c_1 n^2 \leq f(n) \leq c_2 n^2 \) for all \( n \geq n_0 \). This is equivalent to showing that \( f(n) \) is bounded by \( g(n) \) up to a constant factor.

Consider \( f(n) = an^2 + bn + c \) where \( a, b, c \) are constants and \( a > 0 \). The dominant term as \( n \) grows is \( an^2 \). We can split the inequality into two parts:

1. **Left side**: \( c_1 n^2 \leq an^2 + bn + c \)

   For sufficiently large \( n \), the terms \( bn \) and \( c \) become insignificant compared to \( an^2 \). So, we can find \( c_1 \) such that:
   \[
   c_1 n^2 \leq an^2 \implies c_1 \leq a
   \]

2. **Right side**: \( an^2 + bn + c \leq c_2 n^2 \)

   Again, for sufficiently large \( n \), the terms \( bn \) and \( c \) are negligible. So, we can find \( c_2 \) such that:
   \[
   an^2 + bn + c \leq c_2 n^2 \implies c_2 n^2 \geq an^2 \implies c_2 \geq a
   \]

Choosing \( c_1 \) and \( c_2 \) appropriately (e.g., \( c_1 = \frac{a}{4} \) and \( c_2 = \frac{7a}{4} \)) ensures that the inequalities hold for \( n \geq n_0 \).

Therefore, proving \( c_1 n^2 \leq f(n) \leq c_2 n^2 \) suffices to establish \( f(n) \in \text{‚}.g(n) \).",Medium,DSA,"Loop Invariants, Asymptotic Analysis, Insertion Sort",Objective,Fill_blank,7,4,1,Introduction to Algorithms - CLRS 3rd Edition,67 - 76
"For the quadratic function \( f(n) = an^2 + bn + c \) where \( a > 0 \), what values should \( c_1 \) and \( c_2 \) take to ensure \( c_1 n^2 \leq f(n) \leq c_2 n^2 \) for all \( n \geq n_0 \)?","For the quadratic function \( f(n) = an^2 + bn + c \) where \( a > 0 \), choose \( c_1 = \frac{a}{4} \) and \( c_2 = \frac{7a}{4} \) with \( n_0 = 2 \max \left( \frac{|b|}{a}, \frac{|c|}{a} \right) \) to ensure \( c_1 n^2 \leq f(n) \leq c_2 n^2 \) for all \( n \geq n_0 \).","For the quadratic function \( f(n) = an^2 + bn + c \) with \( a > 0 \), we need to find constants \( c_1 \) and \( c_2 \) such that \( c_1 n^2 \leq an^2 + bn + c \leq c_2 n^2 \) for all \( n \geq n_0 \).

First, consider the left inequality \( c_1 n^2 \leq an^2 + bn + c \):
- Divide by \( n^2 \): \( c_1 \leq a + \frac{b}{n} + \frac{c}{n^2} \)
- For large \( n \), \(\frac{b}{n}\) and \(\frac{c}{n^2}\) are small, so \( c_1 \leq a \).

Choose \( c_1 = \frac{a}{4} \).

Next, consider the right inequality \( an^2 + bn + c \leq c_2 n^2 \):
- Divide by \( n^2 \): \( a + \frac{b}{n} + \frac{c}{n^2} \leq c_2 \)
- For large \( n \), \(\frac{b}{n}\) and \(\frac{c}{n^2}\) are small, so \( c_2 \geq a \).

Choose \( c_2 = \frac{7a}{4} \).

Additionally, we need to determine \( n_0 \). Since \(\frac{b}{n}\) and \(\frac{c}{n^2}\) are small for large \( n \), we can choose \( n_0 \) based on \( b \) and \( c \). Specifically, let \( n_0 = 2 \max \left( \frac{|b|}{a}, \frac{|c|}{a} \right) \).

Thus, \( c_1 = \frac{a}{4} \) and \( c_2 = \frac{7a}{4} \) with \( n_0 = 2 \max \left( \frac{|b|}{a}, \frac{|c|}{a} \right) \) ensure the inequalities hold.",Medium,DSA,"Loop Invariants, Asymptotic Analysis, Insertion Sort",Objective,Fill_blank,8,4,1,Introduction to Algorithms - CLRS 3rd Edition,67 - 76
"Given \( f(n) = an^2 + bn + c \) with \( a > 0 \), why is it valid to conclude \( f(n) \in \text{‚}.n^2 \) using the constants \( c_1 = \frac{a}{4} \) and \( c_2 = \frac{7a}{4} \)?","Given \( f(n) = an^2 + bn + c \) with \( a > 0 \), choosing \( c_1 = \frac{a}{4} \) and \( c_2 = \frac{7a}{4} \) with \( n_0 = 2 \max \left( \frac{|b|}{a}, \frac{|c|}{a} \right) \) allows us to conclude that \( f(n) \in \text{‚}.n^2 \).","To prove that \( f(n) = an^2 + bn + c \in \text{‚}.n^2 \), we need to find constants \( c_1 \) and \( c_2 \) such that \( c_1 n^2 \leq an^2 + bn + c \leq c_2 n^2 \) for all \( n \geq n_0 \).

Consider the inequality \( c_1 n^2 \leq an^2 + bn + c \):

- Divide by \( n^2 \): \( c_1 \leq a + \frac{b}{n} + \frac{c}{n^2} \)
- For large \( n \), \(\frac{b}{n}\) and \(\frac{c}{n^2}\) approach 0, so \( c_1 \leq a \).

We choose \( c_1 = \frac{a}{4} \).

Now consider the inequality \( an^2 + bn + c \leq c_2 n^2 \):

- Divide by \( n^2 \): \( a + \frac{b}{n} + \frac{c}{n^2} \leq c_2 \)
- For large \( n \), \(\frac{b}{n}\) and \(\frac{c}{n^2}\) approach 0, so \( c_2 \geq a \).

We choose \( c_2 = \frac{7a}{4} \).

Additionally, to ensure \( n_0 \) exists, we note that \(\frac{b}{n}\) and \(\frac{c}{n^2}\) become negligible as \( n \) increases. We choose \( n_0 = 2 \max \left( \frac{|b|}{a}, \frac{|c|}{a} \right) \).

Thus, the inequalities \( \frac{a}{4} n^2 \leq an^2 + bn + c \leq \frac{7a}{4} n^2 \) hold for all \( n \geq n_0 \), and therefore \( f(n) \in \text{‚}.n^2 \).",Medium,DSA,"Loop Invariants, Asymptotic Analysis, Insertion Sort",Objective,Fill_blank,9,4,1,Introduction to Algorithms - CLRS 3rd Edition,67 - 76
Prove that \( 6n^3 \notin \text{‚}.n^2 \).,"To prove that \( 6n^3 \notin \text{‚}.n^2 \), assume for contradiction that there exist constants \( c \geq 6 \) and \( n_0 \) such that \( 6n^3 \leq cn^2 \) for all \( n \geq n_0 \). Dividing by \( n^2 \) gives \( 6n \leq c \). For \( n \geq 1 \), \( 6n \) grows linearly while \( c \) is constant, so \( 6n \) will eventually exceed \( c \). This contradicts the assumption. Therefore, \( 6n^3 \notin \text{‚}.n^2 \).","To prove that \( 6n^3 \notin \text{‚}.n^2 \), we need to show that there do not exist constants \( c \) and \( n_0 \) such that \( 6n^3 \leq cn^2 \) for all \( n \geq n_0 \).

Assume, for contradiction, that such constants exist. Then for some \( c \geq 6 \) and \( n_0 \), we would have:
\[ 6n^3 \leq cn^2. \]

Dividing both sides by \( n^2 \) (assuming \( n \neq 0 \)):
\[ 6n \leq c. \]

This implies that for \( n \geq 1 \), \( 6n \) grows linearly, while \( c \) is a constant. Therefore, for large \( n \), \( 6n \) will eventually exceed any constant \( c \), contradicting the assumption.

Hence, \( 6n^3 \notin \text{‚}.n^2 \).",Hard,DSA,"Loop Invariants, Asymptotic Analysis, Insertion Sort",Objective,Fill_blank,10,4,1,Introduction to Algorithms - CLRS 3rd Edition,67 - 76
"When proving \( f(n) \in \text{‚}.g(n) \), why is it necessary to consider the behavior of \( f(n) \) and \( g(n) \) for large \( n \)?","When proving \( f(n) \in \text{‚}.g(n) \), it is necessary to consider the behavior of \( f(n) \) and \( g(n) \) for large \( n \) because asymptotic notation deals with their limiting behavior. Specifically, for constants \( c_1 \), \( c_2 \), and \( n_0 \) such that \( c_1 g(n) \leq f(n) \leq c_2 g(n) \) for all \( n \geq n_0 \), the growth rates of \( f(n) \) and \( g(n) \) must be comparable as \( n \) becomes very large. Otherwise, the inequality may not hold for sufficiently large \( n \), leading to a false conclusion.","When proving \( f(n) \in \text{‚}.g(n) \), it is necessary to consider the behavior of \( f(n) \) and \( g(n) \) for large \( n \) because asymptotic notation deals with the limiting behavior of functions as \( n \) tends to infinity.

Specifically, we need to show that there exist constants \( c_1 \), \( c_2 \), and \( n_0 \) such that \( c_1 g(n) \leq f(n) \leq c_2 g(n) \) for all \( n \geq n_0 \). For \( f(n) \) and \( g(n) \) to satisfy this inequality for all \( n \geq n_0 \), their growth rates must be comparable as \( n \) becomes very large.

If we do not consider the behavior for large \( n \), we might miss the fact that \( f(n) \) could grow faster or slower than \( g(n) \) for finite values of \( n \). For instance, if \( f(n) \) grows faster than \( g(n) \), no matter how large \( n \) gets, \( f(n) \) will eventually surpass \( c_2 g(n) \), violating the inequality.

Thus, analyzing the behavior for large \( n \) is crucial to ensure that the constants \( c_1 \) and \( c_2 \) are appropriate and that the inequality holds universally.",Medium,DSA,"Loop Invariants, Asymptotic Analysis, Insertion Sort",Objective,Fill_blank,11,4,1,Introduction to Algorithms - CLRS 3rd Edition,67 - 76
